"x","y","ibd","ibd_lower","ibd_upper","p_value","p_BH","p_BF","sig_0.01","sig_0.01_BH","sig_0.01_BF","sig_0.05","sig_0.05_BH","sig_0.05_BF","n"
"Z20181","Z20179",0.55,0.387,0.693,3.78959782110222e-07,7.81604550602333e-06,0.0018758509214456,1,1,1,1,1,1,1
"Z20182","Z20179",1,0.978,1,0,0,0,1,1,1,1,1,1,1
"Z20182","Z20181",0.55,0.387,0.693,3.78959782110222e-07,7.81604550602333e-06,0.0018758509214456,1,1,1,1,1,1,1
"Z20204","Z20179",0.523,0.398,0.639,3.62598062686459e-10,8.50644744217048e-09,1.79486041029797e-06,1,1,1,1,1,1,1
"Z20204","Z20181",0.722,0.575,0.836,1.08674180765433e-12,2.87666949084971e-11,5.37937194788896e-09,1,1,1,1,1,1,1
"Z20204","Z20182",0.523,0.398,0.639,3.62598062686459e-10,8.50644744217048e-09,1.79486041029797e-06,1,1,1,1,1,1,1
"Z20207","Z20192",1,0.98,1,0,0,0,1,1,1,1,1,1,1
"Z20211","Z20189",1,0.976,1,0,0,0,1,1,1,1,1,1,1
"Z20219","Z20181",0.416,0.229,0.59,0.00112840470323888,0.0189986506157567,1,1,0,0,1,1,0,1
"Z20220","Z20214",0.371,0.25,0.491,1.79927291762971e-05,0.000349270625186944,0.0890640094226708,1,1,0,1,1,0,1
"Z20231","Z20189",0.516,0.334,0.673,2.06967971235206e-05,0.000382272931945622,0.102449145761427,1,1,0,1,1,0,1
"Z20231","Z20211",0.516,0.334,0.673,2.06967971235206e-05,0.000382272931945622,0.102449145761427,1,1,0,1,1,0,1
"Z20242","Z20189",1,0.976,1,0,0,0,1,1,1,1,1,1,1
"Z20242","Z20211",1,0.976,1,0,0,0,1,1,1,1,1,1,1
"Z20242","Z20231",0.516,0.334,0.673,2.06967971235206e-05,0.000382272931945622,0.102449145761427,1,1,0,1,1,0,1
"Z20247","Z20179",0.345,0.213,0.475,0.000445391807322448,0.00762868320500387,1,1,1,0,1,1,0,1
"Z20247","Z20182",0.345,0.213,0.475,0.000445391807322448,0.00762868320500387,1,1,1,0,1,1,0,1
"Z20247","Z20227",0.483,0.326,0.627,3.63955060456167e-06,7.2776930475172e-05,0.0180157754925803,1,1,0,1,1,1,1
"Z20248","Z20189",1,0.976,1,0,0,0,1,1,1,1,1,1,1
"Z20248","Z20211",1,0.976,1,0,0,0,1,1,1,1,1,1,1
"Z20248","Z20231",0.497,0.309,0.659,7.61399622257186e-05,0.00137552121539163,0.376892813017307,1,1,0,1,1,0,1
"Z20248","Z20242",1,0.976,1,0,0,0,1,1,1,1,1,1,1
"Z20249","Z20238",0.696,0.584,0.791,0,0,0,1,1,1,1,1,1,1
"Z20252","Z20189",1,0.976,1,0,0,0,1,1,1,1,1,1,1
"Z20252","Z20211",1,0.976,1,0,0,0,1,1,1,1,1,1,1
"Z20252","Z20231",0.516,0.334,0.673,2.06967971235206e-05,0.000382272931945622,0.102449145761427,1,1,0,1,1,0,1
"Z20252","Z20242",1,0.976,1,0,0,0,1,1,1,1,1,1,1
"Z20252","Z20248",1,0.976,1,0,0,0,1,1,1,1,1,1,1
"Z20256","Z20238",0.507,0.395,0.613,2.13440376484186e-12,5.61983969998257e-11,1.05652986359672e-08,1,1,1,1,1,1,1
"Z20256","Z20249",0.923,0.849,0.968,0,0,0,1,1,1,1,1,1,1
"Z20265","Z20189",1,0.976,1,0,0,0,1,1,1,1,1,1,1
"Z20265","Z20211",1,0.976,1,0,0,0,1,1,1,1,1,1,1
"Z20265","Z20231",0.516,0.334,0.673,2.06967971235206e-05,0.000382272931945622,0.102449145761427,1,1,0,1,1,0,1
"Z20265","Z20242",1,0.976,1,0,0,0,1,1,1,1,1,1,1
"Z20265","Z20248",1,0.976,1,0,0,0,1,1,1,1,1,1,1
"Z20265","Z20252",1,0.976,1,0,0,0,1,1,1,1,1,1,1
"Z20267","Z20263",0.985,0.934,0.999,0,0,0,1,1,1,1,1,1,1
"Z20271","Z20189",1,0.976,1,0,0,0,1,1,1,1,1,1,1
"Z20271","Z20211",1,0.976,1,0,0,0,1,1,1,1,1,1,1
"Z20271","Z20231",0.516,0.334,0.673,2.06967971235206e-05,0.000382272931945622,0.102449145761427,1,1,0,1,1,0,1
"Z20271","Z20242",1,0.976,1,0,0,0,1,1,1,1,1,1,1
"Z20271","Z20248",1,0.976,1,0,0,0,1,1,1,1,1,1,1
"Z20271","Z20252",1,0.976,1,0,0,0,1,1,1,1,1,1,1
"Z20271","Z20265",1,0.976,1,0,0,0,1,1,1,1,1,1,1
"Z20273","Z20238",0.393,0.281,0.505,4.13842651703078e-07,8.50008765946156e-06,0.00204852112593024,1,1,1,1,1,1,1
"Z20273","Z20249",1,0.976,1,0,0,0,1,1,1,1,1,1,1
"Z20273","Z20256",0.851,0.767,0.913,0,0,0,1,1,1,1,1,1,1
"Z20287","Z20189",1,0.976,1,0,0,0,1,1,1,1,1,1,1
"Z20287","Z20211",1,0.976,1,0,0,0,1,1,1,1,1,1,1
"Z20287","Z20231",0.497,0.309,0.659,7.61399622257186e-05,0.00137552121539163,0.376892813017307,1,1,0,1,1,0,1
"Z20287","Z20242",1,0.976,1,0,0,0,1,1,1,1,1,1,1
"Z20287","Z20248",1,0.976,1,0,0,0,1,1,1,1,1,1,1
"Z20287","Z20252",1,0.976,1,0,0,0,1,1,1,1,1,1,1
"Z20287","Z20265",1,0.976,1,0,0,0,1,1,1,1,1,1,1
"Z20287","Z20271",1,0.976,1,0,0,0,1,1,1,1,1,1,1
"Z20288","Z20179",0.365,0.233,0.493,0.000165925578794912,0.00294384091410328,0.821331615034815,1,1,0,1,1,0,1
"Z20288","Z20181",0.948,0.87,0.986,0,0,0,1,1,1,1,1,1,1
"Z20288","Z20182",0.365,0.233,0.493,0.000165925578794912,0.00294384091410328,0.821331615034815,1,1,0,1,1,0,1
"Z20288","Z20204",0.447,0.317,0.569,5.82673128524114e-07,1.19183139925387e-05,0.00288423198619436,1,1,1,1,1,1,1
"Z20289","Z20189",1,0.976,1,0,0,0,1,1,1,1,1,1,1
"Z20289","Z20211",1,0.976,1,0,0,0,1,1,1,1,1,1,1
"Z20289","Z20231",0.516,0.334,0.673,2.06967971235206e-05,0.000382272931945622,0.102449145761427,1,1,0,1,1,0,1
"Z20289","Z20242",1,0.976,1,0,0,0,1,1,1,1,1,1,1
"Z20289","Z20248",1,0.976,1,0,0,0,1,1,1,1,1,1,1
"Z20289","Z20252",1,0.976,1,0,0,0,1,1,1,1,1,1,1
"Z20289","Z20265",1,0.976,1,0,0,0,1,1,1,1,1,1,1
"Z20289","Z20271",1,0.976,1,0,0,0,1,1,1,1,1,1,1
"Z20289","Z20287",1,0.976,1,0,0,0,1,1,1,1,1,1,1
"Z20291","Z20222",0.37,0.233,0.507,0.000159753844767296,0.0028548069732784,0.790781531598117,1,1,0,1,1,0,1
"Z20291","Z20264",0.294,0.173,0.418,0.00269329576635746,0.0423232191856173,1,1,0,0,1,1,0,1
"Z20293","Z20179",0.486,0.359,0.605,1.10871835046211e-08,2.36558441154632e-07,5.48815583478746e-05,1,1,1,1,1,1,1
"Z20293","Z20182",0.486,0.359,0.605,1.10871835046211e-08,2.36558441154632e-07,5.48815583478746e-05,1,1,1,1,1,1,1
"Z20293","Z20204",0.348,0.214,0.479,0.000507198479849258,0.00862760300774511,1,1,1,0,1,1,0,1
"Z20308","Z20227",0.783,0.654,0.879,5.55111512312578e-17,1.51812264416976e-15,2.74780198594726e-13,1,1,1,1,1,1,1
"Z20308","Z20267",0.473,0.304,0.628,2.50076645751385e-05,0.000460178214300875,0.123787939646935,1,1,0,1,1,0,1
"Z20309","Z20179",0.487,0.3,0.652,0.000100385674119685,0.00180039524236392,0.496909086892441,1,1,0,1,1,0,1
"Z20309","Z20182",0.487,0.3,0.652,0.000100385674119685,0.00180039524236392,0.496909086892441,1,1,0,1,1,0,1
"Z20309","Z20279",0.536,0.362,0.687,3.363255166422e-06,6.76752563975158e-05,0.0166481130737889,1,1,0,1,1,1,1
"Z20313","Z20181",1,0.956,1,0,0,0,1,1,1,1,1,1,1
"Z20313","Z20189",0.376,0.206,0.532,0.00201402475496903,0.0318511902143665,1,1,0,0,1,1,0,1
"Z20313","Z20211",0.376,0.206,0.532,0.00201402475496903,0.0318511902143665,1,1,0,0,1,1,0,1
"Z20313","Z20219",0.369,0.205,0.53,0.00159147328878295,0.0265245548130492,1,1,0,0,1,1,0,1
"Z20313","Z20242",0.376,0.206,0.532,0.00201402475496903,0.0318511902143665,1,1,0,0,1,1,0,1
"Z20313","Z20248",0.376,0.206,0.532,0.00201402475496903,0.0318511902143665,1,1,0,0,1,1,0,1
"Z20313","Z20252",0.376,0.206,0.532,0.00201402475496903,0.0318511902143665,1,1,0,0,1,1,0,1
"Z20313","Z20265",0.376,0.206,0.532,0.00201402475496903,0.0318511902143665,1,1,0,0,1,1,0,1
"Z20313","Z20271",0.376,0.206,0.532,0.00201402475496903,0.0318511902143665,1,1,0,0,1,1,0,1
"Z20313","Z20287",0.376,0.206,0.532,0.00201402475496903,0.0318511902143665,1,1,0,0,1,1,0,1
"Z20313","Z20288",0.318,0.19,0.448,0.00130238095646262,0.0218535109643728,1,1,0,0,1,1,0,1
"Z20313","Z20289",0.376,0.206,0.532,0.00201402475496903,0.0318511902143665,1,1,0,0,1,1,0,1
"Z20315","Z20181",0.473,0.244,0.673,0.00155103377110932,0.0259378958344295,1,1,0,0,1,1,0,1
"Z20315","Z20219",0.495,0.315,0.655,3.45280608042842e-05,0.000633014448078543,0.170913900981207,1,1,0,1,1,0,1
"Z20316","Z20181",0.548,0.313,0.743,0.000256307154498314,0.00451501926963223,1,1,1,0,1,1,0,1
"Z20316","Z20189",0.747,0.569,0.873,4.71441613525414e-09,1.01462434215252e-07,2.3336359869508e-05,1,1,1,1,1,1,1
"Z20316","Z20211",0.747,0.569,0.873,4.71441613525414e-09,1.01462434215252e-07,2.3336359869508e-05,1,1,1,1,1,1,1
"Z20316","Z20242",0.747,0.569,0.873,4.71441613525414e-09,1.01462434215252e-07,2.3336359869508e-05,1,1,1,1,1,1,1
"Z20316","Z20248",0.772,0.597,0.891,1.25159027586363e-09,2.86822771552083e-08,6.19537186552499e-06,1,1,1,1,1,1,1
"Z20316","Z20252",0.747,0.569,0.873,4.71441613525414e-09,1.01462434215252e-07,2.3336359869508e-05,1,1,1,1,1,1,1
"Z20316","Z20265",0.747,0.569,0.873,4.71441613525414e-09,1.01462434215252e-07,2.3336359869508e-05,1,1,1,1,1,1,1
"Z20316","Z20271",0.747,0.569,0.873,4.71441613525414e-09,1.01462434215252e-07,2.3336359869508e-05,1,1,1,1,1,1,1
"Z20316","Z20287",0.772,0.597,0.891,1.25159027586363e-09,2.86822771552083e-08,6.19537186552499e-06,1,1,1,1,1,1,1
"Z20316","Z20289",0.747,0.569,0.873,4.71441613525414e-09,1.01462434215252e-07,2.3336359869508e-05,1,1,1,1,1,1,1
"Z20316","Z20313",0.8,0.655,0.901,2.03392858111329e-13,5.41287444973697e-12,1.00679464765108e-09,1,1,1,1,1,1,1
"Z20317","Z20227",0.489,0.329,0.632,5.64367425015533e-06,0.000112193524250076,0.0279361875382689,1,1,0,1,1,1,1
"Z20317","Z20267",0.717,0.575,0.829,7.35522753814166e-14,1.97871610401094e-12,3.64083763138012e-10,1,1,1,1,1,1,1
"Z20317","Z20308",0.629,0.5,0.74,1.12132525487141e-13,3.00030270898025e-12,5.55056001161347e-10,1,1,1,1,1,1,1
"Z20318","Z20308",0.342,0.208,0.475,0.000625578927435921,0.0105686542348389,1,1,0,0,1,1,0,1
"Z20318","Z20317",0.424,0.297,0.545,1.52623688381981e-06,3.0962592520115e-05,0.00755487257490806,1,1,1,1,1,1,1
"Z20324","Z20192",0.969,0.907,0.994,0,0,0,1,1,1,1,1,1,1
"Z20324","Z20207",0.969,0.907,0.994,0,0,0,1,1,1,1,1,1,1
"Z20324","Z20312",0.773,0.651,0.867,0,0,0,1,1,1,1,1,1,1
"Z20328","Z20179",0.342,0.215,0.467,0.000336396600909561,0.00580196228049591,1,1,1,0,1,1,0,1
"Z20328","Z20182",0.342,0.215,0.467,0.000336396600909561,0.00580196228049591,1,1,1,0,1,1,0,1
"Z20330","Z20247",0.976,0.927,0.995,0,0,0,1,1,1,1,1,1,1
"Z20335","Z20189",1,0.976,1,0,0,0,1,1,1,1,1,1,1
"Z20335","Z20211",1,0.976,1,0,0,0,1,1,1,1,1,1,1
"Z20335","Z20231",0.516,0.334,0.673,2.06967971235206e-05,0.000382272931945622,0.102449145761427,1,1,0,1,1,0,1
"Z20335","Z20242",1,0.976,1,0,0,0,1,1,1,1,1,1,1
"Z20335","Z20248",1,0.976,1,0,0,0,1,1,1,1,1,1,1
"Z20335","Z20252",1,0.976,1,0,0,0,1,1,1,1,1,1,1
"Z20335","Z20265",1,0.976,1,0,0,0,1,1,1,1,1,1,1
"Z20335","Z20271",1,0.976,1,0,0,0,1,1,1,1,1,1,1
"Z20335","Z20287",1,0.976,1,0,0,0,1,1,1,1,1,1,1
"Z20335","Z20289",1,0.976,1,0,0,0,1,1,1,1,1,1,1
"Z20335","Z20313",0.376,0.206,0.532,0.00201402475496903,0.0318511902143665,1,1,0,0,1,1,0,1
"Z20335","Z20316",0.747,0.569,0.873,4.71441613525414e-09,1.01462434215252e-07,2.3336359869508e-05,1,1,1,1,1,1,1
"Z20336","Z20305",1,0.98,1,0,0,0,1,1,1,1,1,1,1
"Z20337","Z20189",1,0.976,1,0,0,0,1,1,1,1,1,1,1
"Z20337","Z20211",1,0.976,1,0,0,0,1,1,1,1,1,1,1
"Z20337","Z20231",0.516,0.334,0.673,2.06967971235206e-05,0.000382272931945622,0.102449145761427,1,1,0,1,1,0,1
"Z20337","Z20242",1,0.976,1,0,0,0,1,1,1,1,1,1,1
"Z20337","Z20248",1,0.976,1,0,0,0,1,1,1,1,1,1,1
"Z20337","Z20252",1,0.976,1,0,0,0,1,1,1,1,1,1,1
"Z20337","Z20265",1,0.976,1,0,0,0,1,1,1,1,1,1,1
"Z20337","Z20271",1,0.976,1,0,0,0,1,1,1,1,1,1,1
"Z20337","Z20287",1,0.976,1,0,0,0,1,1,1,1,1,1,1
"Z20337","Z20289",1,0.976,1,0,0,0,1,1,1,1,1,1,1
"Z20337","Z20313",0.376,0.206,0.532,0.00201402475496903,0.0318511902143665,1,1,0,0,1,1,0,1
"Z20337","Z20316",0.747,0.569,0.873,4.71441613525414e-09,1.01462434215252e-07,2.3336359869508e-05,1,1,1,1,1,1,1
"Z20337","Z20335",1,0.976,1,0,0,0,1,1,1,1,1,1,1
"Z20340","Z20214",0.69,0.584,0.781,0,0,0,1,1,1,1,1,1,1
"Z20340","Z20220",0.625,0.508,0.728,2.22044604925031e-16,6.03912524384014e-15,1.09912079437890e-12,1,1,1,1,1,1,1
"Z20341","Z20189",1,0.976,1,0,0,0,1,1,1,1,1,1,1
"Z20341","Z20211",1,0.976,1,0,0,0,1,1,1,1,1,1,1
"Z20341","Z20231",0.516,0.334,0.673,2.06967971235206e-05,0.000382272931945622,0.102449145761427,1,1,0,1,1,0,1
"Z20341","Z20242",1,0.976,1,0,0,0,1,1,1,1,1,1,1
"Z20341","Z20248",1,0.976,1,0,0,0,1,1,1,1,1,1,1
"Z20341","Z20252",1,0.976,1,0,0,0,1,1,1,1,1,1,1
"Z20341","Z20265",1,0.976,1,0,0,0,1,1,1,1,1,1,1
"Z20341","Z20271",1,0.976,1,0,0,0,1,1,1,1,1,1,1
"Z20341","Z20287",1,0.976,1,0,0,0,1,1,1,1,1,1,1
"Z20341","Z20289",1,0.976,1,0,0,0,1,1,1,1,1,1,1
"Z20341","Z20313",0.376,0.206,0.532,0.00201402475496903,0.0318511902143665,1,1,0,0,1,1,0,1
"Z20341","Z20316",0.747,0.569,0.873,4.71441613525414e-09,1.01462434215252e-07,2.3336359869508e-05,1,1,1,1,1,1,1
"Z20341","Z20335",1,0.976,1,0,0,0,1,1,1,1,1,1,1
"Z20341","Z20337",1,0.976,1,0,0,0,1,1,1,1,1,1,1
"Z20344","Z20264",1,0.974,1,0,0,0,1,1,1,1,1,1,1
"Z20344","Z20291",0.923,0.84,0.971,0,0,0,1,1,1,1,1,1,1
"Z20347","Z20189",1,0.976,1,0,0,0,1,1,1,1,1,1,1
"Z20347","Z20211",1,0.976,1,0,0,0,1,1,1,1,1,1,1
"Z20347","Z20231",0.507,0.323,0.667,3.77295130400968e-05,0.000689155311987007,0.186761089548479,1,1,0,1,1,0,1
"Z20347","Z20242",1,0.976,1,0,0,0,1,1,1,1,1,1,1
"Z20347","Z20248",1,0.976,1,0,0,0,1,1,1,1,1,1,1
"Z20347","Z20252",1,0.976,1,0,0,0,1,1,1,1,1,1,1
"Z20347","Z20265",1,0.976,1,0,0,0,1,1,1,1,1,1,1
"Z20347","Z20271",1,0.976,1,0,0,0,1,1,1,1,1,1,1
"Z20347","Z20287",1,0.976,1,0,0,0,1,1,1,1,1,1,1
"Z20347","Z20289",1,0.976,1,0,0,0,1,1,1,1,1,1,1
"Z20347","Z20313",0.376,0.206,0.532,0.00201402475496903,0.0318511902143665,1,1,0,0,1,1,0,1
"Z20347","Z20316",0.772,0.597,0.891,1.25159027586363e-09,2.86822771552083e-08,6.19537186552499e-06,1,1,1,1,1,1,1
"Z20347","Z20335",1,0.976,1,0,0,0,1,1,1,1,1,1,1
"Z20347","Z20337",1,0.976,1,0,0,0,1,1,1,1,1,1,1
"Z20347","Z20341",1,0.976,1,0,0,0,1,1,1,1,1,1,1
"Z20349","Z20221",0.478,0.324,0.619,3.6461977288571e-06,7.2776930475172e-05,0.0180486787578427,1,1,0,1,1,1,1
"Z20349","Z20227",0.702,0.516,0.842,3.00455368362762e-08,6.38306469268529e-07,0.000148725407339567,1,1,1,1,1,1,1
"Z20349","Z20308",0.575,0.413,0.714,8.5953756334689e-08,1.81825253784919e-06,0.000425471093856711,1,1,1,1,1,1,1
"Z20349","Z20317",0.505,0.345,0.647,2.17492051463042e-06,4.39422716221248e-05,0.0107658565474206,1,1,0,1,1,1,1
"Z20349","Z20320",0.799,0.62,0.916,2.65684862998938e-10,6.32278880694589e-09,1.31514007184474e-06,1,1,1,1,1,1,1
"Z20353","Z20189",1,0.976,1,0,0,0,1,1,1,1,1,1,1
"Z20353","Z20211",1,0.976,1,0,0,0,1,1,1,1,1,1,1
"Z20353","Z20231",0.497,0.309,0.659,7.61399622257186e-05,0.00137552121539163,0.376892813017307,1,1,0,1,1,0,1
"Z20353","Z20242",1,0.976,1,0,0,0,1,1,1,1,1,1,1
"Z20353","Z20248",1,0.976,1,0,0,0,1,1,1,1,1,1,1
"Z20353","Z20252",1,0.976,1,0,0,0,1,1,1,1,1,1,1
"Z20353","Z20265",1,0.976,1,0,0,0,1,1,1,1,1,1,1
"Z20353","Z20271",1,0.976,1,0,0,0,1,1,1,1,1,1,1
"Z20353","Z20287",1,0.976,1,0,0,0,1,1,1,1,1,1,1
"Z20353","Z20289",1,0.976,1,0,0,0,1,1,1,1,1,1,1
"Z20353","Z20313",0.376,0.206,0.532,0.00201402475496903,0.0318511902143665,1,1,0,0,1,1,0,1
"Z20353","Z20316",0.772,0.597,0.891,1.25159027586363e-09,2.86822771552083e-08,6.19537186552499e-06,1,1,1,1,1,1,1
"Z20353","Z20335",1,0.976,1,0,0,0,1,1,1,1,1,1,1
"Z20353","Z20337",1,0.976,1,0,0,0,1,1,1,1,1,1,1
"Z20353","Z20341",1,0.976,1,0,0,0,1,1,1,1,1,1,1
"Z20353","Z20347",1,0.976,1,0,0,0,1,1,1,1,1,1,1
"Z20354","Z20189",1,0.976,1,0,0,0,1,1,1,1,1,1,1
"Z20354","Z20211",1,0.976,1,0,0,0,1,1,1,1,1,1,1
"Z20354","Z20231",0.516,0.334,0.673,2.06967971235206e-05,0.000382272931945622,0.102449145761427,1,1,0,1,1,0,1
"Z20354","Z20242",1,0.976,1,0,0,0,1,1,1,1,1,1,1
"Z20354","Z20248",1,0.976,1,0,0,0,1,1,1,1,1,1,1
"Z20354","Z20252",1,0.976,1,0,0,0,1,1,1,1,1,1,1
"Z20354","Z20265",1,0.976,1,0,0,0,1,1,1,1,1,1,1
"Z20354","Z20271",1,0.976,1,0,0,0,1,1,1,1,1,1,1
"Z20354","Z20287",1,0.976,1,0,0,0,1,1,1,1,1,1,1
"Z20354","Z20289",1,0.976,1,0,0,0,1,1,1,1,1,1,1
"Z20354","Z20313",0.376,0.206,0.532,0.00201402475496903,0.0318511902143665,1,1,0,0,1,1,0,1
"Z20354","Z20316",0.747,0.569,0.873,4.71441613525414e-09,1.01462434215252e-07,2.3336359869508e-05,1,1,1,1,1,1,1
"Z20354","Z20335",1,0.976,1,0,0,0,1,1,1,1,1,1,1
"Z20354","Z20337",1,0.976,1,0,0,0,1,1,1,1,1,1,1
"Z20354","Z20341",1,0.976,1,0,0,0,1,1,1,1,1,1,1
"Z20354","Z20347",1,0.976,1,0,0,0,1,1,1,1,1,1,1
"Z20354","Z20353",1,0.976,1,0,0,0,1,1,1,1,1,1,1
"Z20370","Z20189",1,0.976,1,0,0,0,1,1,1,1,1,1,1
"Z20370","Z20211",1,0.976,1,0,0,0,1,1,1,1,1,1,1
"Z20370","Z20231",0.516,0.334,0.673,2.06967971235206e-05,0.000382272931945622,0.102449145761427,1,1,0,1,1,0,1
"Z20370","Z20242",1,0.976,1,0,0,0,1,1,1,1,1,1,1
"Z20370","Z20248",1,0.976,1,0,0,0,1,1,1,1,1,1,1
"Z20370","Z20252",1,0.976,1,0,0,0,1,1,1,1,1,1,1
"Z20370","Z20265",1,0.976,1,0,0,0,1,1,1,1,1,1,1
"Z20370","Z20271",1,0.976,1,0,0,0,1,1,1,1,1,1,1
"Z20370","Z20287",1,0.976,1,0,0,0,1,1,1,1,1,1,1
"Z20370","Z20289",1,0.976,1,0,0,0,1,1,1,1,1,1,1
"Z20370","Z20313",0.376,0.206,0.532,0.00201402475496903,0.0318511902143665,1,1,0,0,1,1,0,1
"Z20370","Z20316",0.747,0.569,0.873,4.71441613525414e-09,1.01462434215252e-07,2.3336359869508e-05,1,1,1,1,1,1,1
"Z20370","Z20335",1,0.976,1,0,0,0,1,1,1,1,1,1,1
"Z20370","Z20337",1,0.976,1,0,0,0,1,1,1,1,1,1,1
"Z20370","Z20341",1,0.976,1,0,0,0,1,1,1,1,1,1,1
"Z20370","Z20347",1,0.976,1,0,0,0,1,1,1,1,1,1,1
"Z20370","Z20353",1,0.976,1,0,0,0,1,1,1,1,1,1,1
"Z20370","Z20354",1,0.976,1,0,0,0,1,1,1,1,1,1,1
"Z20371","Z20189",1,0.976,1,0,0,0,1,1,1,1,1,1,1
"Z20371","Z20211",1,0.976,1,0,0,0,1,1,1,1,1,1,1
"Z20371","Z20231",0.533,0.352,0.688,1.00702853901291e-05,0.000197809177306107,0.0498479126811391,1,1,0,1,1,1,1
"Z20371","Z20242",1,0.976,1,0,0,0,1,1,1,1,1,1,1
"Z20371","Z20248",1,0.975,1,0,0,0,1,1,1,1,1,1,1
"Z20371","Z20252",1,0.976,1,0,0,0,1,1,1,1,1,1,1
"Z20371","Z20265",1,0.976,1,0,0,0,1,1,1,1,1,1,1
"Z20371","Z20271",1,0.976,1,0,0,0,1,1,1,1,1,1,1
"Z20371","Z20287",1,0.975,1,0,0,0,1,1,1,1,1,1,1
"Z20371","Z20289",1,0.976,1,0,0,0,1,1,1,1,1,1,1
"Z20371","Z20313",0.371,0.2,0.528,0.00251713264011549,0.0396809126387634,1,1,0,0,1,1,0,1
"Z20371","Z20316",0.748,0.57,0.874,4.27866370111829e-09,9.71531436721814e-08,2.11793853205355e-05,1,1,1,1,1,1,1
"Z20371","Z20335",1,0.976,1,0,0,0,1,1,1,1,1,1,1
"Z20371","Z20337",1,0.976,1,0,0,0,1,1,1,1,1,1,1
"Z20371","Z20341",1,0.976,1,0,0,0,1,1,1,1,1,1,1
"Z20371","Z20347",1,0.976,1,0,0,0,1,1,1,1,1,1,1
"Z20371","Z20353",1,0.975,1,0,0,0,1,1,1,1,1,1,1
"Z20371","Z20354",1,0.976,1,0,0,0,1,1,1,1,1,1,1
"Z20371","Z20370",1,0.976,1,0,0,0,1,1,1,1,1,1,1
"Z20378","Z20315",0.518,0.331,0.685,1.81824027903899e-05,0.000351573803954804,0.0900028938124298,1,1,0,1,1,0,1
"Z20378","Z20344",0.401,0.23,0.569,0.000568601614058806,0.0096389657177777,1,1,1,0,1,1,0,1
"Z20380","Z20227",1,0.965,1,0,0,0,1,1,1,1,1,1,1
"Z20380","Z20267",0.539,0.356,0.698,6.39812391539651e-06,0.000126682853524851,0.0316707133812127,1,1,0,1,1,1,1
"Z20380","Z20308",0.86,0.763,0.928,0,0,0,1,1,1,1,1,1,1
"Z20380","Z20317",0.741,0.621,0.837,0,0,0,1,1,1,1,1,1,1
"Z20380","Z20318",0.362,0.22,0.499,0.000461092895297444,0.00787037873007706,1,1,1,0,1,1,0,1
"Z20380","Z20349",0.812,0.677,0.906,2.38697950294409e-15,6.45658390140614e-14,1.18155485395732e-11,1,1,1,1,1,1,1
"Z20382","Z20238",1,0.98,1,0,0,0,1,1,1,1,1,1,1
"Z20382","Z20249",0.696,0.584,0.791,0,0,0,1,1,1,1,1,1,1
"Z20382","Z20256",0.501,0.389,0.607,3.80689924028843e-12,9.9704503912316e-11,1.88441512394277e-08,1,1,1,1,1,1,1
"Z20382","Z20273",0.388,0.277,0.499,6.02554284467871e-07,1.2274253942864e-05,0.00298264370811596,1,1,1,1,1,1,1
"Z20388","Z20222",0.481,0.311,0.639,1.15228203391715e-05,0.000224558900310626,0.057037960678899,1,1,0,1,1,0,1
"Z20388","Z20291",1,0.969,1,0,0,0,1,1,1,1,1,1,1
"Z20388","Z20332",0.582,0.444,0.704,4.83765805192604e-11,1.2280208901043e-09,2.39464073570339e-07,1,1,1,1,1,1,1
"Z20388","Z20344",0.902,0.786,0.968,0,0,0,1,1,1,1,1,1,1
"Z20390","Z20179",0.387,0.235,0.532,0.000318383086378216,0.00552981150025322,1,1,1,0,1,1,0,1
"Z20390","Z20182",0.387,0.235,0.532,0.000318383086378216,0.00552981150025322,1,1,1,0,1,1,0,1
"Z20394","Z20189",1,0.975,1,0,0,0,1,1,1,1,1,1,1
"Z20394","Z20211",1,0.975,1,0,0,0,1,1,1,1,1,1,1
"Z20394","Z20231",0.545,0.358,0.703,1.05934937420504e-05,0.000207264007996639,0.0524377940231496,1,1,0,1,1,0,1
"Z20394","Z20242",1,0.975,1,0,0,0,1,1,1,1,1,1,1
"Z20394","Z20248",1,0.975,1,0,0,0,1,1,1,1,1,1,1
"Z20394","Z20252",1,0.975,1,0,0,0,1,1,1,1,1,1,1
"Z20394","Z20265",1,0.975,1,0,0,0,1,1,1,1,1,1,1
"Z20394","Z20271",1,0.975,1,0,0,0,1,1,1,1,1,1,1
"Z20394","Z20287",1,0.975,1,0,0,0,1,1,1,1,1,1,1
"Z20394","Z20289",1,0.975,1,0,0,0,1,1,1,1,1,1,1
"Z20394","Z20316",0.721,0.527,0.859,9.06415258961069e-08,1.90925767313076e-06,0.000448675553185729,1,1,1,1,1,1,1
"Z20394","Z20335",1,0.975,1,0,0,0,1,1,1,1,1,1,1
"Z20394","Z20337",1,0.975,1,0,0,0,1,1,1,1,1,1,1
"Z20394","Z20341",1,0.975,1,0,0,0,1,1,1,1,1,1,1
"Z20394","Z20347",1,0.975,1,0,0,0,1,1,1,1,1,1,1
"Z20394","Z20353",1,0.975,1,0,0,0,1,1,1,1,1,1,1
"Z20394","Z20354",1,0.975,1,0,0,0,1,1,1,1,1,1,1
"Z20394","Z20370",1,0.975,1,0,0,0,1,1,1,1,1,1,1
"Z20394","Z20371",1,0.975,1,0,0,0,1,1,1,1,1,1,1
"Z20396","Z20314",0.524,0.366,0.668,1.60778714397569e-07,3.37226540791512e-06,0.000795854636267967,1,1,1,1,1,1,1
"Z20396","Z20318",0.978,0.905,0.998,0,0,0,1,1,1,1,1,1,1
"Z20399","Z20315",0.625,0.486,0.744,7.99760258018978e-12,2.08358593536523e-10,3.95881327719394e-08,1,1,1,1,1,1,1
"Z20399","Z20378",0.866,0.769,0.934,0,0,0,1,1,1,1,1,1,1
"Z20404","Z20305",0.467,0.333,0.592,1.75524388801307e-07,3.65061228809441e-06,0.000868845724566469,1,1,1,1,1,1,1
"Z20404","Z20309",0.572,0.373,0.738,9.66102940475055e-06,0.000190526277105638,0.0478220955535152,1,1,0,1,1,1,1
"Z20404","Z20336",0.467,0.333,0.592,1.75524388801307e-07,3.65061228809441e-06,0.000868845724566469,1,1,1,1,1,1,1
"Z20405","Z20189",0.694,0.539,0.816,1.38033251495528e-10,3.30079514445829e-09,6.83264594902866e-07,1,1,1,1,1,1,1
"Z20405","Z20211",0.694,0.539,0.816,1.38033251495528e-10,3.30079514445829e-09,6.83264594902866e-07,1,1,1,1,1,1,1
"Z20405","Z20242",0.694,0.539,0.816,1.38033251495528e-10,3.30079514445829e-09,6.83264594902866e-07,1,1,1,1,1,1,1
"Z20405","Z20248",0.711,0.557,0.83,4.57376359008776e-11,1.16701699850178e-09,2.26401297709344e-07,1,1,1,1,1,1,1
"Z20405","Z20252",0.694,0.539,0.816,1.38033251495528e-10,3.30079514445829e-09,6.83264594902866e-07,1,1,1,1,1,1,1
"Z20405","Z20265",0.694,0.539,0.816,1.38033251495528e-10,3.30079514445829e-09,6.83264594902866e-07,1,1,1,1,1,1,1
"Z20405","Z20271",0.694,0.539,0.816,1.38033251495528e-10,3.30079514445829e-09,6.83264594902866e-07,1,1,1,1,1,1,1
"Z20405","Z20287",0.711,0.557,0.83,4.57376359008776e-11,1.16701699850178e-09,2.26401297709344e-07,1,1,1,1,1,1,1
"Z20405","Z20289",0.694,0.539,0.816,1.38033251495528e-10,3.30079514445829e-09,6.83264594902866e-07,1,1,1,1,1,1,1
"Z20405","Z20335",0.694,0.539,0.816,1.38033251495528e-10,3.30079514445829e-09,6.83264594902866e-07,1,1,1,1,1,1,1
"Z20405","Z20337",0.694,0.539,0.816,1.38033251495528e-10,3.30079514445829e-09,6.83264594902866e-07,1,1,1,1,1,1,1
"Z20405","Z20341",0.694,0.539,0.816,1.38033251495528e-10,3.30079514445829e-09,6.83264594902866e-07,1,1,1,1,1,1,1
"Z20405","Z20347",0.711,0.557,0.83,4.57376359008776e-11,1.16701699850178e-09,2.26401297709344e-07,1,1,1,1,1,1,1
"Z20405","Z20353",0.711,0.557,0.83,4.57376359008776e-11,1.16701699850178e-09,2.26401297709344e-07,1,1,1,1,1,1,1
"Z20405","Z20354",0.694,0.539,0.816,1.38033251495528e-10,3.30079514445829e-09,6.83264594902866e-07,1,1,1,1,1,1,1
"Z20405","Z20370",0.694,0.539,0.816,1.38033251495528e-10,3.30079514445829e-09,6.83264594902866e-07,1,1,1,1,1,1,1
"Z20405","Z20371",0.688,0.53,0.812,3.04935743322687e-10,7.22216234185312e-09,1.5094319294473e-06,1,1,1,1,1,1,1
"Z20405","Z20394",0.682,0.521,0.809,1.11747244790905e-09,2.60919274393859e-08,5.5314886171498e-06,1,1,1,1,1,1,1
"Z20416","Z20369",0.348,0.217,0.48,0.00027135532971706,0.00474632113816059,1,1,1,0,1,1,0,1
"Z20417","Z20369",0.348,0.217,0.48,0.00027135532971706,0.00474632113816059,1,1,1,0,1,1,0,1
"Z20417","Z20416",1,0.978,1,0,0,0,1,1,1,1,1,1,1
"Z20419","Z20312",0.451,0.336,0.562,4.10703365760767e-09,9.36857908071796e-08,2.0329816605158e-05,1,1,1,1,1,1,1
"Z20419","Z20324",0.371,0.232,0.508,0.000211220947791524,0.00373408461274301,1,1,1,0,1,1,0,1
